{
    "states" : ["q0","q1","q2","q3","q4","q5"]
    , "sigma" : "ab"
    , "deltamap" : [ "((\"q0\", 'a'), \"q1\")"
                    , "((\"q0\", 'b'), \"q2\")"
                    , "((\"q1\", 'a'), \"q1\")"
                    , "((\"q1\", 'b'), \"q3\")"
                    , "((\"q2\", 'a'), \"q4\")"
                    , "((\"q2\", 'b'), \"q2\")"
                    , "((\"q3\", 'a'), \"q5\")"
                    , "((\"q3\", 'b'), \"q3\")"
                    , "((\"q4\", 'a'), \"q4\")"
                    , "((\"q4\", 'b'), \"q5\")"
                    , "((\"q5\", 'a'), \"q5\")"
                    , "((\"q5\", 'b'), \"q5\")"]
    , "startstate" : "q0"
    , "acceptstates":["q5"]
}
