{
    "states" : ["q0","q1","q2","q3","q4"]
    , "sigma" : "01"
    , "deltamap" : [ "((\"q0\", '0'), \"q0\")"
                    , "((\"q0\", '1'), \"q1\")"
                    , "((\"q1\", '0'), \"q2\")"
                    , "((\"q1\", '1'), \"q4\")"
                    , "((\"q2\", '0'), \"q3\")"
                    , "((\"q2\", '1'), \"q0\")"
                    , "((\"q3\", '0'), \"q4\")"
                    , "((\"q3\", '1'), \"q3\")"
                    , "((\"q4\", '0'), \"q1\")"
                    , "((\"q4\", '1'), \"q2\")"]
    , "startstate" : "q0"
    , "acceptstates":["q0"]
}
